iot_specialist,afe5611fe9dcbee82004bb8dcc5cf677f039eb120bbf5e6c1ca52efcb4ed41d60e768ff3b6ecbb4ae7d02e648cef286f
mobile_analyst,28b2738a0dc54bcb5e7819adb4ef50908db7ff2903c3d78a7d4c3c033d7329ff440659da2fa2962ebb96d2868d803654
web_developer,af34d1e1196db6309609d19ed48349f7fc4dff0f2eb1f85df27add6c2f2eb2eab4ef76e5cc1738b828cfcc2bd3d43e7c
api_consumer,f4a1c9756b80d6aef5d8318fea75b8949bbbfcfc63e8c12a3eb8bab2dc9d129494eca3c78295d30cc8bc16a90af047bb
demo_account,9fe96ec44de718e63e2d3703ccde1d85ae6ef21ace07188974efaf815b49c274858a5fa2fac5904a171581c880803d4e
network_admin,10078e27c0fbd98293b20bf5a728738751353fb83824291c2f71b0daf8edaafb1ac68a584775c97c4d65530dd2109579
security_auditor,3e55dc9cd6809289034c8abef2b68bb2bdebbecf8679fac478066aefa136e0c9f8c691e6985a63ceef1f2a5cfac4c55f
junior_dev,4790933b3a05c5760ec04422d0d13cb6f103644c26f2da5e2923104cb036a2e3feb997c28cfa5d0a9f6e307527934098
support_agent,f15348cb76b63d9b4cf1e7964f31883d8665db1d210f8458ae56fa06c23a379078eeba1d029a92f76b268fa33d12f564
ops_engineer,d28e0fa0c2efc24a4db3e705a629aae7514270d6ab19726330bb02e63f564ab68abda63338b8c930bfa290a0bacf1f35
